{"1921": [-74.42330255126953, 39.40989868164063, "document.write(textArray[0]);EyeNETRA"], "1390": [-74.49330255126954, 39.54989868164063, "Vojo.co"]}