{"1": [-74.45730255126954, 39.56989868164062, "Absecon Research Site 1"], "2": [-74.39930255126953, 39.39989868164062, "Absecon Research Site 2"]}