{"1": [-77.41350305175781, 39.123701171875, "Ashburn Research Site 1"], "3": [-77.4535030517578, 39.123701171875, "Ashburn Research Site 3"], "2": [-77.53750305175781, 39.063701171875, "Ashburn Research Site 2"], "4": [-77.4595030517578, 39.083701171875, "Ashburn Research Site 4"]}