{"1": [-117.88319842529297, 33.99689895629883, "Brea Research Site 1"], "3": [-117.92719842529297, 33.936898956298826, "Brea Research Site 3"], "2": [-117.86319842529296, 34.01689895629883, "Brea Research Site 2"], "5": [-117.95319842529297, 33.92689895629883, "Brea Research Site 5"], "4": [-117.80919842529296, 33.836898956298825, "Brea Research Site 4"]}