{"11": [-71.14889642333985, 42.33000106811524, "Cambridge Research Site 11"], "10": [-71.19689642333984, 42.370001068115236, "Cambridge Research Site 10"], "13": [-71.11289642333985, 42.310001068115234, "Cambridge Research Site 13"], "12": [-71.07089642333985, 42.410001068115236, "Cambridge Research Site 12"], "15": [-71.11889642333985, 42.380001068115234, "Cambridge Research Site 15"], "14": [-71.19089642333985, 42.340001068115235, "Cambridge Research Site 14"], "17": [-71.07289642333984, 42.370001068115236, "Cambridge Research Site 17"], "16": [-71.09689642333984, 42.44000106811524, "Cambridge Research Site 16"], "19": [-71.10289642333984, 42.39000106811523, "Cambridge Research Site 19"], "18": [-71.06489642333985, 42.39000106811523, "Cambridge Research Site 18"], "20": [-71.09289642333984, 42.29000106811523, "Cambridge Research Site 20"], "1": [-71.06289642333985, 42.44000106811524, "Cambridge Research Site 1"], "3": [-71.21489642333984, 42.410001068115236, "Cambridge Research Site 3"], "2": [-71.18889642333984, 42.44000106811524, "Cambridge Research Site 2"], "5": [-71.17289642333985, 42.42000106811523, "Cambridge Research Site 5"], "4": [-71.04289642333984, 42.42000106811523, "Cambridge Research Site 4"], "7": [-71.16089642333985, 42.410001068115236, "Cambridge Research Site 7"], "6": [-71.20289642333984, 42.32000106811523, "Cambridge Research Site 6"], "9": [-71.18489642333985, 42.35000106811523, "Cambridge Research Site 9"], "8": [-71.15089642333984, 42.42000106811523, "Cambridge Research Site 8"]}