{"2554": [-76.92570166015625, 39.091201629638675, "Why I Want A Gradient Camera"], "2555": [-76.93970166015625, 39.05120162963867, "Coded Strobing Photography"]}