{"1": [-76.90570166015625, 38.96120162963867, "College Park Research Site 1"], "2": [-76.99370166015625, 39.10120162963867, "College Park Research Site 2"]}