{
    "11": [
        12.6307,
        55.705,
        "Copenhagen Research Site 11"
    ],
    "10": [
        12.4767,
        55.644999999999996,
        "Copenhagen Research Site 10"
    ],
    "13": [
        12.5907,
        55.714999999999996,
        "Copenhagen Research Site 13"
    ],
    "12": [
        12.5727,
        55.745,
        "Copenhagen Research Site 12"
    ],
    "15": [
        12.470699999999999,
        55.765,
        "Copenhagen Research Site 15"
    ],
    "14": [
        12.5887,
        55.745,
        "Copenhagen Research Site 14"
    ],
    "17": [
        12.518699999999999,
        55.775,
        "Copenhagen Research Site 17"
    ],
    "16": [
        12.566699999999999,
        55.595,
        "Copenhagen Research Site 16"
    ],
    "19": [
        12.5947,
        55.665,
        "Copenhagen Research Site 19"
    ],
    "18": [
        12.5747,
        55.705,
        "Copenhagen Research Site 18"
    ],
    "20": [
        12.656699999999999,
        55.735,
        "Copenhagen Research Site 20"
    ],
    "1": [
        12.518699999999999,
        55.765,
        "Copenhagen Research Site 1"
    ],
    "3": [
        12.518699999999999,
        55.635,
        "Copenhagen Research Site 3"
    ],
    "2": [
        12.534699999999999,
        55.614999999999995,
        "Copenhagen Research Site 2"
    ],
    "5": [
        12.4767,
        55.654999999999994,
        "Copenhagen Research Site 5"
    ],
    "4": [
        12.6687,
        55.644999999999996,
        "Copenhagen Research Site 4"
    ],
    "7": [
        12.5447,
        55.735,
        "Copenhagen Research Site 7"
    ],
    "6": [
        12.5387,
        55.714999999999996,
        "Copenhagen Research Site 6"
    ],
    "9": [
        12.5267,
        55.574999999999996,
        "Copenhagen Research Site 9"
    ],
    "8": [
        12.5987,
        55.705,
        "Copenhagen Research Site 8"
    ]
}