{"11": [-118.33679937744141, 33.950198822021484, "Culver City Research Site 11"], "10": [-118.4427993774414, 34.07019882202148, "Culver City Research Site 10"], "13": [-118.37279937744141, 33.96019882202148, "Culver City Research Site 13"], "12": [-118.40279937744141, 33.980198822021485, "Culver City Research Site 12"], "15": [-118.41479937744141, 34.07019882202148, "Culver City Research Site 15"], "14": [-118.3447993774414, 33.97019882202149, "Culver City Research Site 14"], "17": [-118.4427993774414, 33.940198822021486, "Culver City Research Site 17"], "16": [-118.35479937744141, 33.92019882202148, "Culver City Research Site 16"], "19": [-118.3587993774414, 34.04019882202149, "Culver City Research Site 19"], "18": [-118.4687993774414, 34.04019882202149, "Culver City Research Site 18"], "20": [-118.4627993774414, 34.04019882202149, "Culver City Research Site 20"], "1": [-118.41679937744141, 34.03019882202148, "Culver City Research Site 1"], "3": [-118.30679937744141, 34.090198822021485, "Culver City Research Site 3"], "2": [-118.45079937744141, 34.06019882202148, "Culver City Research Site 2"], "5": [-118.31279937744141, 33.93019882202148, "Culver City Research Site 5"], "4": [-118.43879937744141, 34.10019882202148, "Culver City Research Site 4"], "7": [-118.3867993774414, 34.06019882202148, "Culver City Research Site 7"], "6": [-118.4667993774414, 34.08019882202149, "Culver City Research Site 6"], "9": [-118.47079937744141, 34.00019882202148, "Culver City Research Site 9"], "8": [-118.39079937744141, 34.010198822021486, "Culver City Research Site 8"]}