{"11": [-96.79329663085937, 32.97990112304687, "Dallas Research Site 11"], "10": [-96.85729663085938, 32.969901123046874, "Dallas Research Site 10"], "13": [-96.86929663085938, 33.029901123046876, "Dallas Research Site 13"], "12": [-96.78529663085938, 33.029901123046876, "Dallas Research Site 12"], "15": [-96.81329663085937, 33.029901123046876, "Dallas Research Site 15"], "14": [-96.77129663085938, 33.01990112304688, "Dallas Research Site 14"], "17": [-96.77929663085938, 32.87990112304688, "Dallas Research Site 17"], "16": [-96.84529663085938, 32.98990112304688, "Dallas Research Site 16"], "19": [-96.91129663085937, 32.899901123046874, "Dallas Research Site 19"], "18": [-96.75329663085938, 32.929901123046875, "Dallas Research Site 18"], "20": [-96.84329663085937, 32.91990112304688, "Dallas Research Site 20"], "1": [-96.93329663085937, 32.929901123046875, "Dallas Research Site 1"], "3": [-96.88129663085938, 32.94990112304688, "Dallas Research Site 3"], "2": [-96.77529663085937, 32.83990112304687, "Dallas Research Site 2"], "5": [-96.90729663085938, 33.00990112304687, "Dallas Research Site 5"], "4": [-96.85529663085937, 33.00990112304687, "Dallas Research Site 4"], "7": [-96.87329663085937, 32.98990112304688, "Dallas Research Site 7"], "6": [-96.87129663085938, 32.929901123046875, "Dallas Research Site 6"], "9": [-96.81529663085938, 32.94990112304688, "Dallas Research Site 9"], "8": [-96.84729663085938, 32.87990112304688, "Dallas Research Site 8"]}