{"1299": [-121.88820208740235, 37.435499114990236, "AAGO: Mobile Media Diaries for Youth Citizens Journalists"], "1295": [-121.93860168457032, 37.49830169677735, "Media Meter"]}