{"1": [-121.9306016845703, 37.608301696777346, "Fremont Research Site 1"], "2": [-121.97860168457031, 37.52830169677734, "Fremont Research Site 2"]}