{"11": [-73.5443994140625, 40.81760009765625, "Garden City Research Site 11"], "10": [-73.6943994140625, 40.66760009765625, "Garden City Research Site 10"], "13": [-73.5903994140625, 40.65760009765625, "Garden City Research Site 13"], "12": [-73.5763994140625, 40.78760009765625, "Garden City Research Site 12"], "15": [-73.5763994140625, 40.79760009765625, "Garden City Research Site 15"], "14": [-73.5983994140625, 40.62760009765625, "Garden City Research Site 14"], "17": [-73.5423994140625, 40.70760009765625, "Garden City Research Site 17"], "16": [-73.5383994140625, 40.66760009765625, "Garden City Research Site 16"], "19": [-73.7203994140625, 40.70760009765625, "Garden City Research Site 19"], "18": [-73.6843994140625, 40.64760009765625, "Garden City Research Site 18"], "1": [-73.6183994140625, 40.67760009765625, "Garden City Research Site 1"], "3": [-73.5543994140625, 40.70760009765625, "Garden City Research Site 3"], "2": [-73.5563994140625, 40.70760009765625, "Garden City Research Site 2"], "5": [-73.5563994140625, 40.71760009765625, "Garden City Research Site 5"], "4": [-73.6923994140625, 40.65760009765625, "Garden City Research Site 4"], "7": [-73.7203994140625, 40.72760009765625, "Garden City Research Site 7"], "6": [-73.5963994140625, 40.77760009765625, "Garden City Research Site 6"], "9": [-73.6923994140625, 40.67760009765625, "Garden City Research Site 9"], "8": [-73.7343994140625, 40.72760009765625, "Garden City Research Site 8"]}