{"1": [-122.15740356445312, 37.3792008972168, "Mountain View Research Site 1"], "2": [-122.06340356445313, 37.429200897216795, "Mountain View Research Site 2"]}