{"1384": [-122.01540356445312, 37.3492008972168, "FreeD"], "1400": [-121.96940356445313, 37.3792008972168, "Measuring Customer Experiences with Arousal"]}