{"1": [103.73600305175782, 1.3767000532150269, "None Research Site 1"], "2": [103.72600305175781, 1.2667000532150268, "None Research Site 2"]}