{"1989": [103.78200305175781, 1.446700053215027, "A Cat Cushion July 2011"], "1990": [103.73200305175781, 1.416700053215027, "Tweeting Cat Chair May 2011"]}