{"1": [135.52800427246095, 34.7064013671875, "Osaka Research Site 1"], "3": [135.55600427246094, 34.7064013671875, "Osaka Research Site 3"], "2": [135.48800427246093, 34.7064013671875, "Osaka Research Site 2"], "4": [135.55200427246095, 34.7464013671875, "Osaka Research Site 4"]}