{"1": [-112.07719750976563, 33.40990158081055, "Phoenix Research Site 1"], "3": [-112.10519750976563, 33.39990158081055, "Phoenix Research Site 3"], "2": [-112.12919750976563, 33.36990158081055, "Phoenix Research Site 2"]}