{"11": [-80.02410046386719, 40.34390106201172, "Pittsburgh Research Site 11"], "10": [-79.88410046386718, 40.47390106201172, "Pittsburgh Research Site 10"], "13": [-79.91010046386718, 40.423901062011716, "Pittsburgh Research Site 13"], "12": [-79.92610046386719, 40.39390106201172, "Pittsburgh Research Site 12"], "14": [-79.91210046386719, 40.43390106201172, "Pittsburgh Research Site 14"], "1": [-79.92610046386719, 40.41390106201172, "Pittsburgh Research Site 1"], "3": [-79.93410046386718, 40.37390106201172, "Pittsburgh Research Site 3"], "2": [-80.03410046386719, 40.46390106201172, "Pittsburgh Research Site 2"], "5": [-80.04410046386718, 40.353901062011715, "Pittsburgh Research Site 5"], "4": [-80.04610046386719, 40.423901062011716, "Pittsburgh Research Site 4"], "7": [-79.91810046386719, 40.50390106201172, "Pittsburgh Research Site 7"], "6": [-79.87210046386718, 40.46390106201172, "Pittsburgh Research Site 6"], "9": [-79.95610046386719, 40.41390106201172, "Pittsburgh Research Site 9"], "8": [-80.01610046386719, 40.423901062011716, "Pittsburgh Research Site 8"]}