{"11": [-111.60929650878906, 40.15810150146484, "Provo Research Site 11"], "10": [-111.55529650878906, 40.208101501464846, "Provo Research Site 10"], "13": [-111.70329650878907, 40.30810150146485, "Provo Research Site 13"], "12": [-111.64329650878906, 40.26810150146484, "Provo Research Site 12"], "15": [-111.58529650878906, 40.288101501464844, "Provo Research Site 15"], "14": [-111.56929650878907, 40.29810150146484, "Provo Research Site 14"], "17": [-111.54529650878906, 40.15810150146484, "Provo Research Site 17"], "16": [-111.65329650878907, 40.25810150146484, "Provo Research Site 16"], "19": [-111.63529650878907, 40.19810150146484, "Provo Research Site 19"], "18": [-111.67529650878906, 40.178101501464845, "Provo Research Site 18"], "20": [-111.63929650878906, 40.15810150146484, "Provo Research Site 20"], "1": [-111.70729650878906, 40.14810150146484, "Provo Research Site 1"], "3": [-111.66329650878906, 40.208101501464846, "Provo Research Site 3"], "2": [-111.70729650878906, 40.23810150146485, "Provo Research Site 2"], "5": [-111.59129650878906, 40.25810150146484, "Provo Research Site 5"], "4": [-111.64129650878907, 40.11810150146484, "Provo Research Site 4"], "7": [-111.54329650878907, 40.29810150146484, "Provo Research Site 7"], "6": [-111.62729650878906, 40.29810150146484, "Provo Research Site 6"], "9": [-111.53929650878906, 40.178101501464845, "Provo Research Site 9"], "8": [-111.60129650878906, 40.19810150146484, "Provo Research Site 8"]}