{"11": [-122.07749810791016, 47.71399978637695, "Redmond Research Site 11"], "10": [-122.18749810791016, 47.663999786376955, "Redmond Research Site 10"], "13": [-122.18949810791015, 47.703999786376954, "Redmond Research Site 13"], "12": [-122.12149810791016, 47.623999786376956, "Redmond Research Site 12"], "15": [-122.15349810791015, 47.593999786376955, "Redmond Research Site 15"], "14": [-122.18949810791015, 47.58399978637695, "Redmond Research Site 14"], "16": [-122.16149810791016, 47.76399978637696, "Redmond Research Site 16"], "1": [-122.07349810791015, 47.60399978637695, "Redmond Research Site 1"], "3": [-122.20549810791016, 47.663999786376955, "Redmond Research Site 3"], "2": [-122.13549810791015, 47.58399978637695, "Redmond Research Site 2"], "5": [-122.21749810791016, 47.773999786376955, "Redmond Research Site 5"], "4": [-122.11949810791016, 47.72399978637695, "Redmond Research Site 4"], "7": [-122.19749810791015, 47.64399978637695, "Redmond Research Site 7"], "6": [-122.03349810791016, 47.623999786376956, "Redmond Research Site 6"], "9": [-122.09349810791015, 47.773999786376955, "Redmond Research Site 9"], "8": [-122.19949810791016, 47.61399978637695, "Redmond Research Site 8"]}