{"1": [-98.47509741210938, 29.448399124145507, "San Antonio Research Site 1"], "3": [-98.60509741210937, 29.458399124145508, "San Antonio Research Site 3"], "2": [-98.43709741210938, 29.34839912414551, "San Antonio Research Site 2"], "5": [-98.53509741210938, 29.39839912414551, "San Antonio Research Site 5"], "4": [-98.57309741210938, 29.30839912414551, "San Antonio Research Site 4"], "6": [-98.44509741210938, 29.388399124145508, "San Antonio Research Site 6"]}