{"1": [-111.9226021118164, 33.58190032958984, "Scottsdale Research Site 1"], "3": [-111.9586021118164, 33.63190032958985, "Scottsdale Research Site 3"], "2": [-111.91460211181641, 33.601900329589846, "Scottsdale Research Site 2"], "5": [-111.87060211181641, 33.52190032958984, "Scottsdale Research Site 5"], "4": [-111.82660211181641, 33.56190032958985, "Scottsdale Research Site 4"], "7": [-111.8306021118164, 33.58190032958984, "Scottsdale Research Site 7"], "6": [-111.84060211181641, 33.641900329589845, "Scottsdale Research Site 6"]}