{"11": [-83.15269763183593, 42.52500015258789, "Southfield Research Site 11"], "10": [-83.21469763183593, 42.40500015258789, "Southfield Research Site 10"], "13": [-83.19869763183594, 42.46500015258789, "Southfield Research Site 13"], "12": [-83.18269763183594, 42.47500015258789, "Southfield Research Site 12"], "1": [-83.21869763183594, 42.38500015258789, "Southfield Research Site 1"], "3": [-83.17869763183593, 42.39500015258789, "Southfield Research Site 3"], "2": [-83.19469763183594, 42.50500015258789, "Southfield Research Site 2"], "5": [-83.28069763183593, 42.485000152587894, "Southfield Research Site 5"], "4": [-83.27269763183594, 42.53500015258789, "Southfield Research Site 4"], "7": [-83.30869763183594, 42.51500015258789, "Southfield Research Site 7"], "6": [-83.17269763183593, 42.555000152587894, "Southfield Research Site 6"], "9": [-83.14469763183594, 42.36500015258789, "Southfield Research Site 9"], "8": [-83.23669763183594, 42.37500015258789, "Southfield Research Site 8"]}