{"11": [-122.2099970703125, 37.42780090332031, "Stanford Research Site 11"], "10": [-122.1559970703125, 37.37780090332031, "Stanford Research Site 10"], "13": [-122.1099970703125, 37.39780090332031, "Stanford Research Site 13"], "12": [-122.1699970703125, 37.447800903320314, "Stanford Research Site 12"], "15": [-122.2639970703125, 37.46780090332031, "Stanford Research Site 15"], "14": [-122.2419970703125, 37.46780090332031, "Stanford Research Site 14"], "17": [-122.0899970703125, 37.507800903320316, "Stanford Research Site 17"], "16": [-122.1219970703125, 37.32780090332031, "Stanford Research Site 16"], "19": [-122.2539970703125, 37.46780090332031, "Stanford Research Site 19"], "18": [-122.1639970703125, 37.447800903320314, "Stanford Research Site 18"], "1": [-122.1599970703125, 37.477800903320315, "Stanford Research Site 1"], "3": [-122.0999970703125, 37.35780090332031, "Stanford Research Site 3"], "2": [-122.2259970703125, 37.35780090332031, "Stanford Research Site 2"], "5": [-122.2219970703125, 37.35780090332031, "Stanford Research Site 5"], "4": [-122.1279970703125, 37.34780090332031, "Stanford Research Site 4"], "7": [-122.2119970703125, 37.517800903320314, "Stanford Research Site 7"], "6": [-122.1959970703125, 37.32780090332031, "Stanford Research Site 6"], "9": [-122.1319970703125, 37.32780090332031, "Stanford Research Site 9"], "8": [-122.1499970703125, 37.507800903320316, "Stanford Research Site 8"]}