{"11": [139.66940380859376, 35.74500137329102, "Tokyo Research Site 11"], "10": [139.66540380859374, 35.70500137329102, "Tokyo Research Site 10"], "13": [139.81940380859376, 35.73500137329101, "Tokyo Research Site 13"], "12": [139.73940380859375, 35.765001373291014, "Tokyo Research Site 12"], "15": [139.80940380859374, 35.615001373291015, "Tokyo Research Site 15"], "14": [139.84940380859376, 35.755001373291016, "Tokyo Research Site 14"], "17": [139.67140380859374, 35.70500137329102, "Tokyo Research Site 17"], "16": [139.77340380859374, 35.60500137329102, "Tokyo Research Site 16"], "1": [139.81140380859375, 35.755001373291016, "Tokyo Research Site 1"], "3": [139.65140380859376, 35.78500137329102, "Tokyo Research Site 3"], "2": [139.74140380859376, 35.725001373291015, "Tokyo Research Site 2"], "5": [139.65540380859375, 35.765001373291014, "Tokyo Research Site 5"], "4": [139.68740380859376, 35.725001373291015, "Tokyo Research Site 4"], "7": [139.76140380859374, 35.725001373291015, "Tokyo Research Site 7"], "6": [139.83540380859375, 35.685001373291016, "Tokyo Research Site 6"], "9": [139.79740380859374, 35.60500137329102, "Tokyo Research Site 9"], "8": [139.78740380859375, 35.63500137329102, "Tokyo Research Site 8"]}