{"1": [-73.83800323486328, 40.95909851074219, "White Plains Research Site 1"], "3": [-73.81000323486329, 40.98909851074219, "White Plains Research Site 3"], "2": [-73.71000323486328, 41.09909851074219, "White Plains Research Site 2"], "4": [-73.81800323486328, 40.97909851074219, "White Plains Research Site 4"]}